{
    "pages": [
        {
            "page_idx": 0,
            "dimensions": [
                37,
                321
            ],
            "orientation": {
                "value": null,
                "confidence": null
            },
            "language": {
                "value": null,
                "confidence": null
            },
            "blocks": [
                {
                    "geometry": [
                        [
                            0.0712890625,
                            0.17805109797297297
                        ],
                        [
                            0.2119140625,
                            0.44916596283783783
                        ]
                    ],
                    "lines": [
                        {
                            "geometry": [
                                [
                                    0.0712890625,
                                    0.17805109797297297
                                ],
                                [
                                    0.2119140625,
                                    0.44916596283783783
                                ]
                            ],
                            "words": [
                                {
                                    "value": "Products",
                                    "confidence": 0.9915300607681274,
                                    "geometry": [
                                        [
                                            0.0712890625,
                                            0.17805109797297297
                                        ],
                                        [
                                            0.2119140625,
                                            0.44916596283783783
                                        ]
                                    ]
                                }
                            ]
                        }
                    ],
                    "artefacts": []
                },
                {
                    "geometry": [
                        [
                            0.3310546875,
                            0.17805109797297297
                        ],
                        [
                            0.4345703125,
                            0.45763830236486486
                        ]
                    ],
                    "lines": [
                        {
                            "geometry": [
                                [
                                    0.3310546875,
                                    0.17805109797297297
                                ],
                                [
                                    0.4345703125,
                                    0.45763830236486486
                                ]
                            ],
                            "words": [
                                {
                                    "value": "Butter",
                                    "confidence": 0.9971917271614075,
                                    "geometry": [
                                        [
                                            0.3310546875,
                                            0.17805109797297297
                                        ],
                                        [
                                            0.4345703125,
                                            0.45763830236486486
                                        ]
                                    ]
                                }
                            ]
                        }
                    ],
                    "artefacts": []
                },
                {
                    "geometry": [
                        [
                            0.48828125,
                            0.16110641891891891
                        ],
                        [
                            0.6572265625,
                            0.5
                        ]
                    ],
                    "lines": [
                        {
                            "geometry": [
                                [
                                    0.48828125,
                                    0.16110641891891891
                                ],
                                [
                                    0.6572265625,
                                    0.5
                                ]
                            ],
                            "words": [
                                {
                                    "value": "Margarine",
                                    "confidence": 0.9974138140678406,
                                    "geometry": [
                                        [
                                            0.48828125,
                                            0.16110641891891891
                                        ],
                                        [
                                            0.6572265625,
                                            0.5
                                        ]
                                    ]
                                }
                            ]
                        }
                    ],
                    "artefacts": []
                },
                {
                    "geometry": [
                        [
                            0.71875,
                            0.16110641891891891
                        ],
                        [
                            0.99609375,
                            0.508472339527027
                        ]
                    ],
                    "lines": [
                        {
                            "geometry": [
                                [
                                    0.71875,
                                    0.16110641891891891
                                ],
                                [
                                    0.99609375,
                                    0.508472339527027
                                ]
                            ],
                            "words": [
                                {
                                    "value": "Low",
                                    "confidence": 0.9990823268890381,
                                    "geometry": [
                                        [
                                            0.71875,
                                            0.16957875844594594
                                        ],
                                        [
                                            0.794921875,
                                            0.4661106418918919
                                        ]
                                    ]
                                },
                                {
                                    "value": "fat",
                                    "confidence": 0.9996660947799683,
                                    "geometry": [
                                        [
                                            0.80078125,
                                            0.16110641891891891
                                        ],
                                        [
                                            0.849609375,
                                            0.4745829814189189
                                        ]
                                    ]
                                },
                                {
                                    "value": "products",
                                    "confidence": 0.9991223216056824,