{
    "pages": [
        {
            "page_idx": 0,
            "dimensions": [
                37,
                444
            ],
            "orientation": {
                "value": null,
                "confidence": null
            },
            "language": {
                "value": null,
                "confidence": null
            },
            "blocks": [
                {
                    "geometry": [
                        [
                            0.00390625,
                            0.16015625
                        ],
                        [
                            0.0966796875,
                            0.46484375
                        ]
                    ],
                    "lines": [
                        {
                            "geometry": [
                                [
                                    0.00390625,
                                    0.16015625
                                ],
                                [
                                    0.0966796875,
                                    0.46484375
                                ]
                            ],
                            "words": [
                                {
                                    "value": "Product",
                                    "confidence": 0.9994438290596008,
                                    "geometry": [
                                        [
                                            0.00390625,
                                            0.16015625
                                        ],
                                        [
                                            0.0966796875,
                                            0.46484375
                                        ]
                                    ]
                                }
                            ]
                        }
                    ],
                    "artefacts": []
                },
                {
                    "geometry": [
                        [
                            0.5458984375,
                            0.171875
                        ],
                        [
                            0.693359375,
                            0.4765625
                        ]
                    ],
                    "lines": [
                        {
                            "geometry": [
                                [
                                    0.5458984375,
                                    0.171875
                                ],
                                [
                                    0.693359375,
                                    0.4765625
                                ]
                            ],
                            "words": [
                                {
                                    "value": "Roast",
                                    "confidence": 0.9992091059684753,
                                    "geometry": [
                                        [
                                            0.5458984375,
                                            0.171875
                                        ],
                                        [
                                            0.6162109375,
                                            0.4765625
                                        ]
                                    ]
                                },
                                {
                                    "value": "coffee",
                                    "confidence": 0.9994497895240784,
                                    "geometry": [
                                        [
                                            0.6181640625,
                                            0.171875
                                        ],
                                        [
                                            0.693359375,
                                            0.4765625
                                        ]
                                    ]
                                }
                            ]
                        }
                    ],
                    "artefacts": []
                },
                {
                    "geometry": [
                        [
                            0.8291015625,
                            0.1484375
                        ],
                        [
                            0.9970703125,
                            0.48828125
                        ]
                    ],
                    "lines": [
                        {
                            "geometry": [
                                [
                                    0.8291015625,
                                    0.1484375
                                ],
                                [
                                    0.9970703125,
                                    0.48828125
                                ]
                            ],
                            "words": [
                                {
                                    "value": "Instant",
                                    "confidence": 0.9976533055305481,
                                    "geometry": [
                                        [
                                            0.8291015625,
                                            0.171875
                                        ],
                                        [
                                            0.9111328125,
                                            0.4765625
                                        ]
                                    ]
                                },
                                {
                                    "value": "Coffee",
                                    "confidence": 0.9996545314788818,
                                    "geometry": [
                                        [
                                            0.9130859375,
                                            0.1484375
                                        ],
                                        [
                                            0.9970703125,
                                            0.48828125
                                        ]
                                    ]
                                }
                            ]
                        }
                    ],
                    "artefacts": []
                },
                {
                    "geometry": [
                        [
                            0.0029296875,
                            0.59375
                        ],
                        [
                            0.3037109375,
                            0.91015625
                        ]
                    ],
                    "lines": [
                        {
                            "geometry": [
                                [
                                    0.0029296875,
                                    0.59375
                                ],
                                [
                                    0.3037109375,
                                    0.91015625
                                ]
                            ],
                            "words": [
                                {
                                    "value": "Turnover",
                                    "confidence": 0.998799204826355,