{
    "pages": [
        {
            "page_idx": 0,
            "dimensions": [
                71,
                309
            ],
            "orientation": {
                "value": null,
                "confidence": null
            },
            "language": {
                "value": null,
                "confidence": null
            },
            "blocks": [
                {
                    "geometry": [
                        [
                            0.314453125,
                            0.04098811619718312
                        ],
                        [
                            0.3994140625,
                            0.1854918573943662
                        ]
                    ],
                    "lines": [
                        {
                            "geometry": [
                                [
                                    0.314453125,
                                    0.04098811619718312
                                ],
                                [
                                    0.3994140625,
                                    0.1854918573943662
                                ]
                            ],
                            "words": [
                                {
                                    "value": "Fund",
                                    "confidence": 0.9999459981918335,
                                    "geometry": [
                                        [
                                            0.314453125,
                                            0.04098811619718312
                                        ],
                                        [
                                            0.3994140625,
                                            0.1854918573943662
                                        ]
                                    ]
                                }
                            ]
                        }
                    ],
                    "artefacts": []
                },
                {
                    "geometry": [
                        [
                            0.830078125,
                            0.045238226232394374
                        ],
                        [
                            0.9638671875,
                            0.1854918573943662
                        ]
                    ],
                    "lines": [
                        {
                            "geometry": [
                                [
                                    0.830078125,
                                    0.045238226232394374
                                ],
                                [
                                    0.9638671875,
                                    0.1854918573943662
                                ]
                            ],
                            "words": [
                                {
                                    "value": "Amount",
                                    "confidence": 0.9956191182136536,
                                    "geometry": [
                                        [
                                            0.830078125,
                                            0.045238226232394374
                                        ],
                                        [
                                            0.9638671875,
                                            0.1854918573943662
                                        ]
                                    ]
                                }
                            ]
                        }
                    ],
                    "artefacts": []
                },
                {
                    "geometry": [
                        [
                            0.0078125,
                            0.436248349471831
                        ],
                        [
                            0.7001953125,
                            0.5765019806338028
                        ]
                    ],
                    "lines": [
                        {
                            "geometry": [
                                [
                                    0.0078125,
                                    0.436248349471831
                                ],
                                [
                                    0.7001953125,
                                    0.5765019806338028
                                ]
                            ],
                            "words": [
                                {
                                    "value": "Retrementseyerance",
                                    "confidence": 0.6196444034576416,
                                    "geometry": [
                                        [
                                            0.0078125,
                                            0.44049845950704225
                                        ],
                                        [
                                            0.3779296875,
                                            0.5765019806338028
                                        ]
                                    ]
                                },
                                {
                                    "value": "Bond",
                                    "confidence": 0.9990649819374084,
                                    "geometry": [
                                        [
                                            0.388671875,
                                            0.436248349471831
                                        ],
                                        [
                                            0.4755859375,
                                            0.5765019806338028
                                        ]
                                    ]
                                },
                                {
                                    "value": "Debt",
                                    "confidence": 0.9905171990394592,
                                    "geometry": [
                                        [
                                            0.4853515625,
                                            0.436248349471831
                                        ],
                                        [
                                            0.568359375,
                                            0.5765019806338028
                                        ]
                                    ]
                                },
                                {
                                    "value": "Service",
                                    "confidence": 0.6189428567886353,
                                    "geometry": [
                                        [
                                            0.5732421875,
                                            0.4447485695422535
                                        ],
                                        [
                                            0.7001953125,
                                            0.5680017605633803
                                        ]
                                    ]
                                }
                            ]
                        }
                    ],
                    "artefacts": []
                },
                {
                    "geometry": [
                        [
                            0.7890625,
                            0.4617490096830986
                        ],
                        [
                            0.8017578125,
                            0.5552514304577465
                        ]
                    ],