{
    "LOC": {
        "precision": 0.15151515151515152,
        "precision_std": 0.3585502898848253,
        "recall": 0.0,
        "recall_std": 0.0,
        "upper_bound_score": 0.0,
        "fscore": 0.0,
        "fscore_std": 0.0
    },
    "CON": {
        "precision": 0.9488731641030145,
        "precision_std": 0.09549755651626927,
        "recall": 0.6625140687206351,
        "recall_std": 0.3583555881455189,
        "upper_bound_score": 0.7062404484931204,
        "fscore": 0.780249226063602,
        "fscore_std": 0.15080685651016007
    },
    "TOP": {
        "precision": 0.9939714606381274,
        "precision_std": 0.030078016426987472,
        "recall": 0.6937036151028905,
        "recall_std": 0.36342829423809364,
        "upper_bound_score": 0.7411880931116679,
        "fscore": 0.8171260042470164,
        "fscore_std": 0.05555795120871198
    },
    "summary": {
        "dataset": "icdar2013",
        "use_best_args": true,
        "use_td_dir": true,
        "module_combination": "raptor_ga"
    },
    "config": {
        "dataset": "icdar2013",
        "visualize": 0,
        "bbox_chooser": true,
        "pruner": true,
        "manage_col_overlap": true,
        "manage_rows_overlap": true,
        "address": true,
        "stopwords": true,
        "keywords": true,
        "check_right_left": true,
        "remove_extra": true,
        "remove_single_line": true,
        "use_td_dir": true,
        "unfuser": true,
        "model_tsr_name": "DETR",
        "model_td_name": "DETR",
        "stats_dir": "/home/ethomas/git_repos/table_extraction/outputs/results/stats",
        "original_model_tatr": true,
        "original_model_td": true,
        "use_best_args": true,
        "score": 0.8887096137643549,
        "area": 0.5858751212110512,
        "width": 1.1345204233704456,
        "height": 0.10862583433507064,
        "num_headers": 0.0,
        "num_headers_top": 0.1637080868180974,
        "num_headers_bot": -0.021649330704715065,
        "filter_right_left_y": 6,
        "mult_padding_left_right": 2,
        "THRESHOLD_STOPWORDS": 2,
        "PADDING": 24,
        "filter_keywords_few_words": 4,
        "x_threshold": 0.014137545155406599,
        "x12_threshold": 0.008444656153473229,
        "xy_threshold": 0.052028041591150403,
        "y1_threshold": -0.008006149793100376,
        "min_samples": 2,
        "distance_to_max_ok": 0,
        "distance_to_max_ok_x": 4,
        "patience_max": 5,
        "favorise_remove": 1,
        "header_selection": "min_y",
        "header_iom_threshold": 0.32830577955175916,
        "manage_col_overlap_iou": 0.3439634174361398,
        "threshold_tprh": 0.7206764537909219,
        "non_nan_count_threshold": 0,
        "contains_amounts_and_threshold": 0.4184596935425467,
        "split_y_threshold_iom": 0.6044551256817302,
        "allignement_threshold_int": 9,
        "too_far_to_be_good_threshold": 3,
        "td_dir": "/home/ethomas/git_repos/table_extraction/data/public_datasets/ICDAR-2013/icdar2013_gt_reformated",
        "ocr_model": "DOCTR",
        "Number of images processed": 119,
        "Average time": 0.4413560598838229,
        "Std Dev": 0.24418314256570434
    }
}