{
    "LOC": {
        "precision": 0.18181818181818182,
        "precision_std": 0.385694607919935,
        "recall": 0.0,
        "recall_std": 0.0,
        "upper_bound_score": 0.0,
        "fscore": 0.0,
        "fscore_std": 0.0
    },
    "CON": {
        "precision": 0.9183067116792918,
        "precision_std": 0.17348787216338782,
        "recall": 0.6136252798519046,
        "recall_std": 0.3760956408248154,
        "upper_bound_score": 0.6478350809739304,
        "fscore": 0.7356674004579825,
        "fscore_std": 0.23744537787116454
    },
    "TOP": {
        "precision": 0.9714045214045214,
        "precision_std": 0.11054877596561852,
        "recall": 0.6550915446928799,
        "recall_std": 0.3844928135436936,
        "upper_bound_score": 0.6879154712063029,
        "fscore": 0.7824905349760961,
        "fscore_std": 0.17172379374009164
    },
    "summary": {
        "dataset": "icdar2013",
        "use_best_args": true,
        "use_td_dir": false,
        "module_combination": "raptor_ga"
    },
    "config": {
        "dataset": "icdar2013",
        "visualize": 0,
        "bbox_chooser": true,
        "pruner": true,
        "manage_col_overlap": true,
        "manage_rows_overlap": true,
        "address": true,
        "stopwords": true,
        "keywords": true,
        "check_right_left": true,
        "remove_extra": true,
        "remove_single_line": true,
        "use_td_dir": false,
        "unfuser": true,
        "model_tsr_name": "DETR",
        "model_td_name": "DETR",
        "stats_dir": "/home/ethomas/git_repos/table_extraction/outputs/results/stats",
        "original_model_tatr": true,
        "original_model_td": true,
        "use_best_args": true,
        "score": 0.8887096137643549,
        "area": 0.5858751212110512,
        "width": 1.1345204233704456,
        "height": 0.10862583433507064,
        "num_headers": 0.0,
        "num_headers_top": 0.1637080868180974,
        "num_headers_bot": -0.021649330704715065,
        "filter_right_left_y": 6,
        "mult_padding_left_right": 2,
        "THRESHOLD_STOPWORDS": 2,
        "PADDING": 24,
        "filter_keywords_few_words": 4,
        "x_threshold": 0.014137545155406599,
        "x12_threshold": 0.008444656153473229,
        "xy_threshold": 0.052028041591150403,
        "y1_threshold": -0.008006149793100376,
        "min_samples": 2,
        "distance_to_max_ok": 0,
        "distance_to_max_ok_x": 4,
        "patience_max": 5,
        "favorise_remove": 1,
        "header_selection": "min_y",
        "header_iom_threshold": 0.32830577955175916,
        "manage_col_overlap_iou": 0.3439634174361398,
        "threshold_tprh": 0.7206764537909219,
        "non_nan_count_threshold": 0,
        "contains_amounts_and_threshold": 0.4184596935425467,
        "split_y_threshold_iom": 0.6044551256817302,
        "allignement_threshold_int": 9,
        "too_far_to_be_good_threshold": 3,
        "td_dir": null,
        "ocr_model": "DOCTR",
        "Number of images processed": 119,
        "Average time": 1.728406631646036,
        "Std Dev": 0.35920342493447877
    }
}