{
  "competition-dataset-eu_eu-002_page_0": {
    "iou": 0.9763372204305361
  },
  "competition-dataset-eu_eu-003_page_0": {
    "iou": 0.9587257770451473
  },
  "competition-dataset-eu_eu-004_page_10": {
    "iou": 0.9852943507865735
  },
  "competition-dataset-eu_eu-004_page_11": {
    "iou": 0.9844149924531698
  },
  "competition-dataset-eu_eu-004_page_13": {
    "iou": 0.993351961525534
  },
  "competition-dataset-eu_eu-004_page_1": {
    "iou": 0.9841775342043888
  },
  "competition-dataset-eu_eu-004_page_2": {
    "iou": 0.9586657053279671
  },
  "competition-dataset-eu_eu-004_page_3": {
    "iou": 0.9846576061465482
  },
  "competition-dataset-eu_eu-004_page_9": {
    "iou": 0.9820003392846575
  },
  "competition-dataset-eu_eu-005_page_1": {
    "iou": 0.985333510795279
  },
  "competition-dataset-eu_eu-006_page_0": {
    "iou": 0.9466854927438442
  },
  "competition-dataset-eu_eu-006_page_1": {
    "iou": 0.9602506307857348
  },
  "competition-dataset-eu_eu-006_page_2": {
    "iou": 0.977203639914981
  },
  "competition-dataset-eu_eu-007_page_0": {
    "iou": 0.9538524650398571
  },
  "competition-dataset-eu_eu-007_page_1": {
    "iou": 0.8592999235069447
  },
  "competition-dataset-eu_eu-007_page_2": {
    "iou": 0.9105322005816154
  },
  "competition-dataset-eu_eu-007_page_4": {
    "iou": 0.933497694072926
  },
  "competition-dataset-eu_eu-008_page_0": {
    "iou": 0.982250649883092
  },
  "competition-dataset-eu_eu-010_page_0": {
    "iou": 0.97429458165473
  },
  "competition-dataset-eu_eu-011_page_2": {
    "iou": 0.9537271555844615
  },
  "competition-dataset-eu_eu-012_page_2": {
    "iou": 0.9381927598553472
  },
  "competition-dataset-eu_eu-012_page_4": {
    "iou": 0.9896162964342882
  },
  "competition-dataset-eu_eu-013_page_2": {
    "iou": 0.9717052120924415
  },
  "competition-dataset-eu_eu-013_page_3": {
    "iou": 0.9783725903856094
  },
  "competition-dataset-eu_eu-013_page_4": {
    "iou": 0.8123139361325771
  },
  "competition-dataset-eu_eu-013_page_7": {
    "iou": 0.9813322015129958
  },
  "competition-dataset-eu_eu-015_page_0": {
    "iou": 0.23034308263893474
  },
  "competition-dataset-eu_eu-015_page_1": {
    "iou": 0.09930983421327076
  },
  "competition-dataset-eu_eu-016_page_2": {
    "iou": 0.9916082350954335
  },
  "competition-dataset-eu_eu-017_page_1": {
    "iou": 0.9909450639563468
  },
  "competition-dataset-eu_eu-019_page_2": {
    "iou": 0.98846354568788
  },
  "competition-dataset-eu_eu-020_page_1": {
    "iou": 0.9603238854667357
  },
  "competition-dataset-eu_eu-023_page_2": {
    "iou": 0.9589818950825351
  },
  "competition-dataset-eu_eu-024_page_1": {
    "iou": 0.9849293681994234
  },
  "competition-dataset-eu_eu-026_page_3": {
    "iou": 0.9334670951336856
  },
  "competition-dataset-eu_eu-026_page_4": {
    "iou": 0.963855731728384
  },
  "competition-dataset-eu_eu-026_page_5": {
    "iou": 0.9576228143015169
  },
  "competition-dataset-eu_eu-027_page_2": {
    "iou": 0.9919932729891751
  },
  "competition-dataset-us_us-003_page_0": {
    "iou": 0.9758928215636352
  },
  "competition-dataset-us_us-005_page_0": {
    "iou": 0.9137427785293001
  },
  "competition-dataset-us_us-006_page_0": {
    "iou": 0.9474413340598838
  },
  "competition-dataset-us_us-008_page_0": {
    "iou": 0.9394588691860875
  },
  "competition-dataset-us_us-009_page_0": {
    "iou": 0.9676327372884952
  },
  "competition-dataset-us_us-010_page_1": {
    "iou": 0.9380182075153802
  },
  "competition-dataset-us_us-011a_page_1": {
    "iou": 0.9383220433221515
  },
  "competition-dataset-us_us-011a_page_2": {
    "iou": 0.9602471327461211
  },
  "competition-dataset-us_us-013_page_1": {
    "iou": 0.9843075780157604
  },
  "competition-dataset-us_us-014_page_1": {
    "iou": 0.9834547499087226
  },
  "competition-dataset-us_us-014_page_2": {
    "iou": 0.777473507186991
  },
  "competition-dataset-us_us-015_page_1": {
    "iou": 0.9857648622123998
  },
  "competition-dataset-us_us-016_page_1": {
    "iou": 0.975188721600047
  },
  "competition-dataset-us_us-020_page_1": {
    "iou": 0.9967592344091971
  },
  "competition-dataset-us_us-020_page_2": {
    "iou": 0.9901306502066392
  },
  "competition-dataset-us_us-020_page_3": {
    "iou": 0.99717862101382
  },
  "competition-dataset-us_us-020_page_4": {
    "iou": 0.9904989056713767
  },
  "competition-dataset-us_us-021_page_1": {
    "iou": 0.919884188977341
  },
  "competition-dataset-us_us-022_page_1": {
    "iou": 0.9862303798921453
  },
  "competition-dataset-us_us-027_page_1": {
    "iou": 0.8684654087911796
  },
  "competition-dataset-us_us-027_page_2": {
    "iou": 0.949874529744632
  },
  "competition-dataset-us_us-028_page_1": {
    "iou": 0.9445285510197295
  },
  "competition-dataset-us_us-028_page_2": {
    "iou": 0.9727022006010675
  },
  "competition-dataset-us_us-029_page_1": {
    "iou": 0.9752797696274014
  },
  "competition-dataset-us_us-033_page_1": {
    "iou": 0.8570620252910179
  },
  "competition-dataset-us_us-035a_page_2": {
    "iou": 0.11666584553490278
  },
  "competition-dataset-us_us-035a_page_3": {
    "iou": 0.9636620023095194
  },
  "competition-dataset-us_us-036_page_1": {
    "iou": 0.9879273088763225
  },
  "competition-dataset-us_us-038_page_1": {
    "iou": 0.9263454521882347
  },
  "competition-dataset-us_us-039_page_1": {
    "iou": 0.9731303832401919
  },
  "eu-dataset_eu-003_page_0": {
    "iou": 0.06286020001320132
  },
  "eu-dataset_eu-003_page_1": {
    "iou": 0.14292169577086325
  },
  "eu-dataset_eu-004_page_2": {
    "iou": 0.9753040277360107
  },
  "eu-dataset_eu-005_page_2": {
    "iou": 0.9945513452500219
  },
  "eu-dataset_eu-005_page_4": {
    "iou": 0.9646327998244261
  },
  "eu-dataset_eu-005_page_8": {
    "iou": 0.948580806254842
  },
  "eu-dataset_eu-006_page_2": {
    "iou": 0.9522256719177257
  },
  "eu-dataset_eu-007_page_2": {
    "iou": 0.9937757263644013
  },
  "eu-dataset_eu-008_page_0": {
    "iou": 0.9764687188954175
  },
  "eu-dataset_eu-010_page_2": {
    "iou": 0.9791434509192971
  },
  "eu-dataset_eu-011_page_2": {
    "iou": 0.9917341512406407
  },
  "eu-dataset_eu-011_page_3": {
    "iou": 0.47756494652258574
  },
  "eu-dataset_eu-012_page_1": {
    "iou": 0.9717973430444112
  },
  "eu-dataset_eu-013_page_2": {
    "iou": 0.9899945584671386
  },
  "eu-dataset_eu-015_page_2": {
    "iou": 0.9850482672869459
  },
  "eu-dataset_eu-016_page_0": {
    "iou": 0.9702333292428513
  },
  "eu-dataset_eu-017_page_2": {
    "iou": 0.986213852056722
  },
  "eu-dataset_eu-018_page_1": {
    "iou": 0.9884747918173974
  },
  "eu-dataset_eu-019_page_0": {
    "iou": 0.9602821710179408
  },
  "eu-dataset_eu-021_page_1": {
    "iou": 0.6177903183725453
  },
  "eu-dataset_eu-021_page_3": {
    "iou": 0.9712939927927806
  },
  "eu-dataset_eu-022_page_1": {
    "iou": 0.8776063665038801
  },
  "eu-dataset_eu-022_page_2": {
    "iou": 0.8444047337849473
  },
  "eu-dataset_eu-024_page_0": {
    "iou": 0.8191150425522196
  },
  "eu-dataset_eu-026_page_2": {
    "iou": 0.870853956765605
  },
  "eu-dataset_eu-027_page_1": {
    "iou": 0.9398074272141828
  },
  "eu-dataset_eu-028_page_0": {
    "iou": 0.9669821984861928
  },
  "eu-dataset_eu-033_page_0": {
    "iou": 0.9818311448447609
  },
  "eu-dataset_eu-034_page_1": {
    "iou": 0.9606580941341449
  },
  "us-gov-dataset_us-002_page_1": {
    "iou": 0.9752228603836426
  },
  "us-gov-dataset_us-003_page_0": {
    "iou": 0.8901677462979307
  },
  "us-gov-dataset_us-003_page_2": {
    "iou": 0.7795917055832509
  },
  "us-gov-dataset_us-004_page_1": {
    "iou": 0.9885942897408949
  },
  "us-gov-dataset_us-005_page_0": {
    "iou": 0.9579472657701499
  },
  "us-gov-dataset_us-005_page_2": {
    "iou": 0.9730292831689045
  },
  "us-gov-dataset_us-007_page_0": {
    "iou": 0.8724763966633132
  },
  "us-gov-dataset_us-007_page_1": {
    "iou": 0.9036385120456715
  },
  "us-gov-dataset_us-008_page_0": {
    "iou": 0.9404515390975247
  },